ID,JOB TITLE,EMAIL ADDRESS,FIRSTNAME LASTNAME
1,Business Broker,Erick_Moreno9261@nimogy.biz,Erick Moreno
1,Systems Administrator,Michael_Latham2822@womeona.net,Michael Latham
3,Inspector,Anne_Lynn9939@eirey.tech,Anne Lynn
4,Operator,Macy_Campbell5368@joiniaa.com,Macy Campbell
5,Assistant Buyer,Mason_Varndell9329@nanoff.biz,Mason Varndell
6,Audiologist,Luna_Robinson9923@infotech44.tech,Luna Robinson
7,Mobile Developer,Fred_Bell9994@guentu.biz,Fred Bell
8,Lecturer,Nathan_Leslie426@nanoff.biz,Nathan Leslie
9,Ambulatory Nurse,Angelique_Oliver1315@mafthy.com,Angelique Oliver
10,Pharmacist,Madelyn_Antcliff3686@gembat.biz,Madelyn Antcliff